stamp,backend,planned,q_value,tilt_deg,x,y,z,plan_time_s,reason
1789346515.026,classical,1,9660.0000,2.92,0.3181,-0.3919,0.0639,0.000,
1789346536.576,classical,1,9664.0000,3.16,0.3183,-0.3920,0.0640,0.000,
1789347219.155,classical,1,9606.0000,2.96,0.1159,-0.5113,0.0577,0.000,
1789347240.686,classical,1,9557.0000,2.85,0.1156,-0.5117,0.0575,0.000,
1789347292.315,classical,1,9577.0000,2.73,0.1156,-0.5114,0.0574,0.000,
1789351252.160,classical,1,9614.0000,2.96,0.1160,-0.5110,0.0565,0.000,
1789351283.915,classical,1,9634.0000,2.66,0.1162,-0.5114,0.0568,0.000,
1789353552.493,classical,1,9557.0000,2.92,0.1159,-0.5116,0.0577,0.000,
1789353574.000,classical,1,9563.0000,2.82,0.1159,-0.5121,0.0575,0.000,
1789355125.816,classical,1,9607.0000,2.91,0.1160,-0.5119,0.0575,0.000,
1789355147.313,classical,1,9608.0000,2.85,0.1160,-0.5118,0.0573,0.000,
1789399465.338,classical,1,9626.0000,3.12,0.1162,-0.5109,0.0586,0.000,
1789399486.891,classical,1,9585.0000,3.13,0.1159,-0.5119,0.0582,0.000,
1789399545.659,classical,1,9561.0000,3.07,0.1158,-0.5114,0.0578,0.000,
1789402235.388,classical,1,9891.0000,2.90,0.0331,-0.5244,0.0575,0.000,
1789402267.187,classical,1,3864.0000,3.36,0.2745,-0.4672,0.0859,0.000,
1789403810.818,classical,1,3816.0000,3.38,0.2838,-0.4731,0.0882,0.000,
1789403810.827,classical,1,9864.0000,1.94,0.0424,-0.5287,0.0555,0.000,
1789406859.062,classical,1,3826.0000,3.98,0.2841,-0.4736,0.0881,0.000,
1789406859.075,classical,1,9867.0000,2.17,0.0425,-0.5286,0.0574,0.000,
1789406898.610,classical,1,3808.0000,3.73,0.2842,-0.4734,0.0881,0.000,
1789406898.629,classical,1,9849.0000,1.93,0.0425,-0.5286,0.0569,0.000,
