timestamp_s,arm,jt_J1,jt_J2,jt_J3,jt_J4,jt_J5,jt_J6,jt_J7,ee_Fx,ee_Fy,ee_Fz,ee_Tx,ee_Ty,ee_Tz
0.0000,1,0.6320017576217651,-2.426384449005127,0.14240479469299316,19.252193450927734,-0.049670007079839706,1.28367280960083,0.3567480742931366,-1.3058392715937217,1.500593156643345,0.6845226567259631,-1.6607308979344526,-0.501548947687676,0.2848774012786243
0.1001,1,0.6320017576217651,-2.426384449005127,0.14240479469299316,19.252193450927734,-0.049670007079839706,1.28367280960083,0.3567480742931366,-1.3243298397168846,1.5025435793918465,0.5942609713195324,-1.661646262014114,-0.4908619068300343,0.2864223635179661
0.2010,1,0.6081980466842651,-2.402580738067627,0.14240479469299316,19.200618743896484,-0.044176843017339706,1.29649019241333,0.3494238555431366,-1.3244752605542522,1.5174971124803245,0.6736328890833809,-1.6684885624794146,-0.51241367348141,0.29219822113059607
0.3016,1,0.5843943357467651,-2.402580738067627,0.11860108375549316,19.228389739990234,-0.049670007079839706,1.29008150100708,0.3430151641368866,-1.3199324813671733,1.510269333789277,0.6848257596215089,-1.6668358554776685,-0.5113882168239712,0.28935034110388175
0.4205,1,0.6081980466842651,-2.450188159942627,0.19397950172424316,19.252193450927734,-0.037768151611089706,1.28367280960083,0.3301977813243866,-1.3163009477126182,1.4922643799486255,0.6748693324252633,-1.6522049581622875,-0.5065427046395843,0.2854875998394512
0.5206,1,0.5843943357467651,-2.426384449005127,0.14240479469299316,19.200618743896484,-0.037768151611089706,1.29008150100708,0.3567480742931366,-1.3154585322625527,1.5113814731307034,0.6649468964002919,-1.662032852720129,-0.5036398372193669,0.2927149059839791
16.0819,1,0.6320017576217651,-2.426384449005127,0.14240479469299316,19.252193450927734,-0.032274987548589706,1.29008150100708,0.3366064727306366,-1.3429064031725413,1.4875844049225226,0.6633197689664753,-1.6502030556024578,-0.5241345889006735,0.28678111155299424
16.1821,1,0.6081980466842651,-2.426384449005127,0.11860108375549316,19.252193450927734,-0.032274987548589706,1.27726411819458,0.3631567656993866,-1.3396789824228224,1.5023185568958628,0.7112482421331361,-1.6602925113744902,-0.534764310883066,0.28751383514658824
16.2823,1,0.5843943357467651,-2.374809741973877,0.17017579078674316,19.228389739990234,-0.032274987548589706,1.28367280960083,0.3631567656993866,-1.317727093708141,1.513659121181634,0.6564446647511846,-1.6635308557454624,-0.5026393917065369,0.29184246949339415
16.3823,1,0.6081980466842651,-2.402580738067627,0.11860108375549316,19.252193450927734,-0.049670007079839706,1.28367280960083,0.3366064727306366,-1.298598609734458,1.4870521525071092,0.6544093265495341,-1.646826357852718,-0.48949128637355693,0.2875367406640863
16.4825,1,0.5843943357467651,-2.473991870880127,0.17017579078674316,19.303768157958984,-0.044176843017339706,1.28367280960083,0.3366064727306366,-1.341610526172931,1.5035762461313988,0.6481376276793763,-1.6605486241046175,-0.5195112995769509,0.2882102203553858
16.5826,1,0.5843943357467651,-2.402580738067627,0.11860108375549316,19.252193450927734,-0.044176843017339706,1.28367280960083,0.3695654571056366,-1.2912026492760817,1.5010079614014424,0.6546343637471367,-1.6595967315435634,-0.48496547159413855,0.2861081366601279
16.6828,1,0.6081980466842651,-2.402580738067627,0.14240479469299316,19.275997161865234,-0.044176843017339706,1.28367280960083,0.3430151641368866,-1.3048317811857568,1.5172035909400037,0.6904971484689396,-1.6665375158234312,-0.5030221382514712,0.2934970723418928
16.7829,1,0.6320017576217651,-2.402580738067627,0.09479737281799316,19.275997161865234,-0.044176843017339706,1.29008150100708,0.3301977813243866,-1.3108321035487969,1.496577591629899,0.677232242138966,-1.6581168442233138,-0.5032771324436446,0.2866863215962594
16.8830,1,0.6320017576217651,-2.450188159942627,0.11860108375549316,19.275997161865234,-0.055163171142339706,1.29649019241333,0.3366064727306366,-1.3165344075643117,1.5796592592074439,0.6548830504230362,-1.7174192896555287,-0.5023257221519286,0.31042767274433236
16.9831,1,0.5843943357467651,-2.402580738067627,0.14240479469299316,19.252193450927734,-0.044176843017339706,1.27726411819458,0.3695654571056366,-1.3214075047928506,1.4882512172949085,0.6601018947284093,-1.6533754843085384,-0.5074198379978002,0.284541085522653
17.0839,1,0.6320017576217651,-2.351006031036377,0.14240479469299316,19.228389739990234,-0.044176843017339706,1.29008150100708,0.3494238555431366,-1.3291332595376741,1.4967990120947219,0.6787659535319945,-1.6576075398537087,-0.5171820952146485,0.2855737023728371
17.1840,1,0.6081980466842651,-2.402580738067627,0.17017579078674316,19.252193450927734,-0.044176843017339706,1.27726411819458,0.3430151641368866,-1.3186402102057255,1.5035022062312022,0.6850678599052713,-1.6585355166768543,-0.5115219561448549,0.2879959819965189
17.2842,1,0.5566233396530151,-2.402580738067627,0.17017579078674316,19.275997161865234,-0.044176843017339706,1.29008150100708,0.3494238555431366,-1.3193383956038272,1.480901085002289,0.6550611327125453,-1.6402004857702903,-0.5048447545891724,0.28388117079195063
17.3843,1,0.5843943357467651,-2.426384449005127,0.14240479469299316,19.252193450927734,-0.037768151611089706,1.29008150100708,0.3631567656993866,-1.3293819132254971,1.5054152823406775,0.6700626507068123,-1.6595473634822655,-0.5147097282927933,0.28745701378590455
17.4844,1,0.6081980466842651,-2.402580738067627,0.14240479469299316,19.252193450927734,-0.032274987548589706,1.28367280960083,0.3237890899181366,-1.3078062633069452,1.5064227096409186,0.6824840773744746,-1.6598333350542502,-0.502838778634522,0.2891862471904604
17.5845,1,0.6081980466842651,-2.450188159942627,0.11860108375549316,19.252193450927734,-0.037768151611089706,1.28367280960083,0.3695654571056366,-1.3376297742535508,1.4997687743042225,0.6691284936730597,-1.6543869690584851,-0.520645132756329,0.2860554341927855
17.6847,1,0.5566233396530151,-2.402580738067627,0.14240479469299316,19.228389739990234,-0.037768151611089706,1.28367280960083,0.3366064727306366,-1.327323105200939,1.5029695256169706,0.6818028224649862,-1.6572856668701648,-0.5180363750022852,0.286898278833428
17.7848,1,0.6081980466842651,-2.426384449005127,0.14240479469299316,19.228389739990234,-0.044176843017339706,1.28367280960083,0.3631567656993866,-1.326313973504213,1.4993714776042564,0.6506270512971295,-1.6598565945305321,-0.5084934540147557,0.28798120914388636
17.8856,1,0.5843943357467651,-2.450188159942627,0.14240479469299316,19.228389739990234,-0.037768151611089706,1.29008150100708,0.3430151641368866,-1.3265092366340443,1.4781077107864964,0.6651612232255395,-1.6414728717464437,-0.5117255801501656,0.2820997433809268
17.9857,1,0.6320017576217651,-2.402580738067627,0.14240479469299316,19.200618743896484,-0.044176843017339706,1.27726411819458,0.3366064727306366,-1.3261193772564488,1.5019178117787872,0.673299745334972,-1.6581551631227218,-0.5151667636167426,0.28470413935172917
18.0858,1,0.6597727537155151,-2.450188159942627,0.21778321266174316,19.228389739990234,-0.032274987548589706,1.29008150100708,0.3695654571056366,-1.322124924065727,1.4905139808175036,0.7150660261262143,-1.6485702593154683,-0.5237431342228812,0.2852751629347631
18.1859,1,0.6320017576217651,-2.402580738067627,0.14240479469299316,19.252193450927734,-0.049670007079839706,1.28367280960083,0.3631567656993866,-1.3177942673129268,1.4897671367394036,0.6559121279646098,-1.6520927557074923,-0.5040563817162074,0.28509146378517547
18.2860,1,0.5843943357467651,-2.374809741973877,0.11860108375549316,19.303768157958984,-0.037768151611089706,1.28367280960083,0.3366064727306366,-1.2959632347344665,1.4936325574167402,0.6644887586810143,-1.6566284308643042,-0.4917438842652395,0.28550172812010643
18.3862,1,0.5843943357467651,-2.402580738067627,0.11860108375549316,19.252193450927734,-0.049670007079839706,1.28367280960083,0.3567480742931366,-1.309603962687015,1.4889629086301854,0.6778337725256461,-1.652765600702193,-0.5040281603560681,0.28377097049279865
18.4863,1,0.6320017576217651,-2.402580738067627,0.14240479469299316,19.252193450927734,-0.049670007079839706,1.29008150100708,0.3567480742931366,-1.330620344855294,1.4918913154220559,0.6791923592977267,-1.6508340726135358,-0.5184066276455298,0.2880446722837522
18.5864,1,0.6081980466842651,-2.426384449005127,0.14240479469299316,19.303768157958984,-0.037768151611089706,1.28367280960083,0.3430151641368866,-1.3201061029080985,1.503404154185667,0.6937642252994688,-1.6582586360241864,-0.5145171282476056,0.2902883297460669
18.6872,1,0.5843943357467651,-2.374809741973877,0.11860108375549316,19.275997161865234,-0.037768151611089706,1.29008150100708,0.3237890899181366,-1.3268725391669793,1.5051023738448592,0.672683877625088,-1.658817191060646,-0.5147645433537992,0.28996977289028136
18.7873,1,0.6081980466842651,-2.426384449005127,0.17017579078674316,19.252193450927734,-0.032274987548589706,1.27726411819458,0.3366064727306366,-1.340298392121002,1.5051670867048104,0.6462740203948046,-1.6590538877208163,-0.5175774114792049,0.29223002766072104
18.8875,1,0.6081980466842651,-2.450188159942627,0.17017579078674316,19.252193450927734,-0.044176843017339706,1.29008150100708,0.3631567656993866,-1.3389774898370748,1.5084043412944375,0.7496521234016574,-1.6599351759097727,-0.5445072535180597,0.28884212266489684
18.9876,1,0.6081980466842651,-2.450188159942627,0.14240479469299316,19.228389739990234,-0.049670007079839706,1.29008150100708,0.3695654571056366,-1.3348445034727006,1.4925808152694386,0.7670140256439926,-1.6506885739658201,-0.5461830916411267,0.28752074390801774
19.0877,1,0.6320017576217651,-2.402580738067627,0.14240479469299316,19.200618743896484,-0.049670007079839706,1.29649019241333,0.3494238555431366,-1.274481351251013,1.5020240504317204,0.6575642943621608,-1.657748757634273,-0.47427148052613083,0.2865190791907466
19.1879,1,0.6081980466842651,-2.351006031036377,0.19397950172424316,19.275997161865234,-0.044176843017339706,1.28367280960083,0.3366064727306366,-1.3101751166839375,1.5059088337722983,0.6937391554155378,-1.6627183073903322,-0.5088846169337546,0.28729318053154784
19.2880,1,0.5566233396530151,-2.374809741973877,0.17017579078674316,19.275997161865234,-0.044176843017339706,1.29649019241333,0.3430151641368866,-1.2434219021948834,1.5166743527271715,0.6757007803222512,-1.6689859374736002,-0.4567613273140016,0.2902030989217555
19.3881,1,0.6081980466842651,-2.351006031036377,0.14240479469299316,19.252193450927734,-0.044176843017339706,1.28367280960083,0.3494238555431366,-1.2965575022911593,1.500510250568283,0.6784932644137266,-1.657519476216241,-0.49384030436153836,0.2881391207931251
19.4882,1,0.6081980466842651,-2.374809741973877,0.19397950172424316,19.228389739990234,-0.049670007079839706,1.28367280960083,0.3237890899181366,-1.295881921700244,1.4976119475781966,0.6684756037193578,-1.6566729296199867,-0.4904200008215554,0.28868099141807857
19.5884,1,0.6320017576217651,-2.426384449005127,0.11860108375549316,19.228389739990234,-0.037768151611089706,1.28367280960083,0.3430151641368866,-1.3072312800765167,1.4982245769439855,0.6487200911824599,-1.655852504447719,-0.4953741250943144,0.2864277390687189
19.6885,1,0.6081980466842651,-2.374809741973877,0.14240479469299316,19.252193450927734,-0.055163171142339706,1.29008150100708,0.3366064727306366,-1.3037141768202973,1.5057048815893768,0.6798399356124327,-1.663402791143841,-0.4994717221302126,0.2892207528967623
19.7886,1,0.6081980466842651,-2.402580738067627,0.11860108375549316,19.275997161865234,-0.044176843017339706,1.29008150100708,0.3567480742931366,-1.3016393622853464,1.507556140497445,0.6496618300737181,-1.6665856703568924,-0.4905761010871487,0.2900645323475042
19.8887,1,0.6320017576217651,-2.426384449005127,0.17017579078674316,19.252193450927734,-0.044176843017339706,1.28367280960083,0.3494238555431366,-1.309618976082769,1.5030902658126875,0.6728789335073891,-1.6584572985848456,-0.5012614563112734,0.2887430271107214
19.9889,1,0.5843943357467651,-2.402580738067627,0.17017579078674316,19.176815032958984,-0.037768151611089706,1.29008150100708,0.3631567656993866,-1.2865341714045406,1.5128734210616472,0.6670595058585105,-1.6639377404974631,-0.4837984063099482,0.2896235085118636
20.0890,1,0.6081980466842651,-2.374809741973877,0.17017579078674316,19.252193450927734,-0.044176843017339706,1.29008150100708,0.3366064727306366,-1.303617902320257,1.5157513810769032,0.6778134519976278,-1.670262418613267,-0.5000333932760214,0.2904558365774047
20.1891,1,0.6081980466842651,-2.402580738067627,0.17017579078674316,19.228389739990234,-0.044176843017339706,1.29008150100708,0.3567480742931366,-1.3011158658562547,1.499354975651819,0.6139019883669596,-1.6591205376739537,-0.4816869965192166,0.28732273031035394
20.2894,1,0.5843943357467651,-2.473991870880127,0.14240479469299316,19.252193450927734,-0.044176843017339706,1.29008150100708,0.3695654571056366,-1.3099122610437557,1.5051959444499445,0.6887511129603656,-1.657412306622425,-0.5049105075010101,0.28894944607723044
20.3895,1,0.5843943357467651,-2.473991870880127,0.11860108375549316,19.275997161865234,-0.044176843017339706,1.29008150100708,0.3695654571056366,-1.3225297224385248,1.493714664104581,0.6826635691870073,-1.6527898900682318,-0.514749244767367,0.28453528988912036
20.4897,1,0.6081980466842651,-2.402580738067627,0.17017579078674316,19.252193450927734,-0.025866296142339706,1.27726411819458,0.3695654571056366,-1.320372422365264,1.4900817184281514,0.6600999007573723,-1.6517659698635712,-0.5068078947048201,0.2885410853565893
20.5898,1,0.5843943357467651,-2.450188159942627,0.14240479469299316,19.228389739990234,-0.055163171142339706,1.28367280960083,0.3494238555431366,-1.2921428498722785,1.483288992836724,0.6839067774922558,-1.6447902932767766,-0.49373394357093964,0.2846274663687982
20.6899,1,0.6320017576217651,-2.402580738067627,0.14240479469299316,19.275997161865234,-0.055163171142339706,1.27726411819458,0.3494238555431366,-1.319196608390497,1.4843984975264488,0.6976262889480069,-1.6479869727212428,-0.5153824134764008,0.2882052826067082
20.7901,1,0.5843943357467651,-2.402580738067627,0.17017579078674316,19.275997161865234,-0.044176843017339706,1.29008150100708,0.3567480742931366,-1.3109480013083141,1.500827683697418,0.668215572450763,-1.661746938214647,-0.5011774869398621,0.2875611958133539
20.8901,1,0.5566233396530151,-2.351006031036377,0.14240479469299316,19.228389739990234,-0.037768151611089706,1.29008150100708,0.3494238555431366,-1.3131461351320168,1.487732143800377,0.6476386252862665,-1.652063444157187,-0.4993849104876108,0.2850132758949071
20.9903,1,0.5843943357467651,-2.450188159942627,0.11860108375549316,19.252193450927734,-0.044176843017339706,1.27085542678833,0.3567480742931366,-1.3094771588812837,1.4990263175811362,0.6539556317669643,-1.657930230258949,-0.49847634298051047,0.28838059967945856
21.0903,1,0.6081980466842651,-2.374809741973877,0.14240479469299316,19.275997161865234,-0.037768151611089706,1.28367280960083,0.3100561797618866,-1.308406979250582,1.4987031897964047,0.6667108702785977,-1.6531628937777498,-0.5010426207805709,0.2885105984556909
21.1905,1,0.6081980466842651,-2.402580738067627,0.14240479469299316,19.275997161865234,-0.044176843017339706,1.28367280960083,0.3567480742931366,-1.2775271268115984,1.4942194199948833,0.6115504754574346,-1.6548618992357342,-0.4620455772307655,0.2838835689239027
21.2906,1,0.6081980466842651,-2.450188159942627,0.17017579078674316,19.252193450927734,-0.044176843017339706,1.27726411819458,0.3430151641368866,-1.3182919926489538,1.4919902142489967,0.6829965425389347,-1.6526790800584283,-0.5111589307430232,0.28570976715166396
21.3908,1,0.5843943357467651,-2.402580738067627,0.17017579078674316,19.303768157958984,-0.049670007079839706,1.29649019241333,0.3695654571056366,-1.3235965770208924,1.491248524550773,0.6761899054984075,-1.6555811654214994,-0.5132990293318347,0.2869999499118235
21.4909,1,0.6320017576217651,-2.426384449005127,0.14240479469299316,19.228389739990234,-0.037768151611089706,1.28367280960083,0.3494238555431366,-1.3198424562717672,1.48025476918349,0.6625977327327371,-1.6466971333187472,-0.5074710483010917,0.28107986452506684
21.5910,1,0.6081980466842651,-2.402580738067627,0.14240479469299316,19.200618743896484,-0.055163171142339706,1.28367280960083,0.3366064727306366,-1.3055752027634704,1.5033411797402563,0.6566924620580861,-1.6618591114557109,-0.4966061259906607,0.2900310272247222
21.6911,1,0.6597727537155151,-2.402580738067627,0.14240479469299316,19.275997161865234,-0.049670007079839706,1.28367280960083,0.3430151641368866,-1.2974914895256988,1.4975969827382332,0.6558352563460663,-1.658397299860048,-0.4888550792779943,0.2869904353173547
21.7915,1,0.5566233396530151,-2.374809741973877,0.11860108375549316,19.200618743896484,-0.032274987548589706,1.29008150100708,0.3366064727306366,-1.290103175718781,1.4971651835058117,0.6841460708245952,-1.653886381596184,-0.4922910180836736,0.289527862288807
21.8916,1,0.6081980466842651,-2.374809741973877,0.11860108375549316,19.252193450927734,-0.037768151611089706,1.29008150100708,0.3494238555431366,-1.2856491025783736,1.4979495124315432,0.6911700231709658,-1.6529984029281124,-0.48996312419389554,0.2880572680951575
21.9917,1,0.6320017576217651,-2.402580738067627,0.17017579078674316,19.275997161865234,-0.049670007079839706,1.29008150100708,0.3237890899181366,-1.3017746261678218,1.5023772528908823,0.6635456645099421,-1.6622057094320168,-0.4940463056907123,0.28990638708987426
22.0919,1,0.6081980466842651,-2.426384449005127,0.17017579078674316,19.228389739990234,-0.044176843017339706,1.28367280960083,0.3430151641368866,-1.3266894414921064,1.4958885401102644,0.6633400789794043,-1.6553791473280342,-0.5123276498297028,0.28727000218790905
22.1920,1,0.6081980466842651,-2.426384449005127,0.11860108375549316,19.252193450927734,-0.037768151611089706,1.29008150100708,0.3237890899181366,-1.3135494944112902,1.4933904036167773,0.6809203590985283,-1.6536461993116627,-0.5054970767327492,0.28674376949692537
22.2921,1,0.6835764646530151,-2.402580738067627,0.14240479469299316,19.275997161865234,-0.049670007079839706,1.29008150100708,0.3301977813243866,-1.2983570589731073,1.4814613911723782,0.6886398692263697,-1.647892222758314,-0.49795996930331804,0.28305871221728235
22.3923,1,0.6081980466842651,-2.473991870880127,0.17017579078674316,19.228389739990234,-0.044176843017339706,1.27726411819458,0.3631567656993866,-1.186707675671393,1.4868116012308608,0.6221617953934631,-1.6525405147226233,-0.4033009592529605,0.28653454829477953
22.4980,1,0.6081980466842651,-2.426384449005127,0.19397950172424316,19.303768157958984,-0.037768151611089706,1.28367280960083,0.3631567656993866,-1.3099639087720905,1.4987409222163621,0.668964557082443,-1.6573810853342226,-0.5034115647933763,0.28649688134136186
22.5981,1,0.5843943357467651,-2.450188159942627,0.19397950172424316,19.252193450927734,-0.044176843017339706,1.28367280960083,0.3430151641368866,-1.3112108452602231,1.506241259330705,0.6695025526611922,-1.6591013020588372,-0.50207928059032,0.28977150310993505
22.6982,1,0.6081980466842651,-2.426384449005127,0.14240479469299316,19.252193450927734,-0.044176843017339706,1.28367280960083,0.3430151641368866,-1.3048790903681697,1.5156807208211245,0.6648779816554973,-1.6664802056192833,-0.49662274067882944,0.29531147076706993
22.7984,1,0.6320017576217651,-2.450188159942627,0.14240479469299316,19.252193450927734,-0.049670007079839706,1.29008150100708,0.3759741485118866,-1.3123203853046415,1.5020925603444946,0.686496292358872,-1.6557727615642452,-0.5058370550374205,0.2872714436259938
22.8986,1,0.6081980466842651,-2.426384449005127,0.17017579078674316,19.228389739990234,-0.049670007079839706,1.29649019241333,0.3301977813243866,-1.3076990307310834,1.51580723712946,0.6928349213697236,-1.6694033185176256,-0.5051191564201184,0.2908234904503798
22.9988,1,0.6081980466842651,-2.402580738067627,0.14240479469299316,19.228389739990234,-0.037768151611089706,1.28367280960083,0.3301977813243866,-1.3245335167828947,1.4948304516195001,0.6837141532573152,-1.6548205959019266,-0.5149603728947396,0.2843789689501335
23.0988,1,0.5843943357467651,-2.402580738067627,0.11860108375549316,19.275997161865234,-0.049670007079839706,1.29008150100708,0.3823828399181366,-1.3090214304754033,1.4941843645152693,0.666987370019946,-1.6542305618305029,-0.5015590793044414,0.28526509809896905
23.1990,1,0.6081980466842651,-2.374809741973877,0.17017579078674316,19.252193450927734,-0.037768151611089706,1.28367280960083,0.3366064727306366,-1.2970943551598542,1.4942416983854896,0.6701855809738599,-1.6545877436293939,-0.49400567111122023,0.28872073260427555
23.3010,1,0.5843943357467651,-2.450188159942627,0.17017579078674316,19.228389739990234,-0.044176843017339706,1.28367280960083,0.3366064727306366,-1.3036774158367572,1.4987412513443203,0.6422748661662315,-1.6579930132032732,-0.4884410251252382,0.28784269771294424
23.4012,1,0.5843943357467651,-2.402580738067627,0.11860108375549316,19.252193450927734,-0.025866296142339706,1.27726411819458,0.3366064727306366,-1.3223864419513573,1.5836940683611793,0.6681589486858739,-1.7142014984353309,-0.5094156209916573,0.3117650505844092
23.5013,1,0.6081980466842651,-2.426384449005127,0.17017579078674316,19.275997161865234,-0.049670007079839706,1.29008150100708,0.3494238555431366,-1.3107350777107014,1.4940134699728276,0.6853246411734519,-1.6539977449655576,-0.5053839125382245,0.2858298469959088
23.6014,1,0.6081980466842651,-2.327202320098877,0.11860108375549316,19.303768157958984,-0.044176843017339706,1.29008150100708,0.3494238555431366,-1.3114509865668926,1.4177621959783508,0.6798653732510791,-1.6024753489477206,-0.5066736824820287,0.2643509736741402
23.7016,1,0.6320017576217651,-2.426384449005127,0.14240479469299316,19.275997161865234,-0.061571862548589706,1.28367280960083,0.3695654571056366,-1.3288850130642593,1.4867608108791897,0.6732250875446857,-1.6513161559270395,-0.5154579604485968,0.28310321485776413
23.8017,1,0.6320017576217651,-2.426384449005127,0.17017579078674316,19.252193450927734,-0.044176843017339706,1.29008150100708,0.3631567656993866,-1.3173696339628866,1.5013935368978257,0.6690416433888602,-1.6611844262630813,-0.5069393660207256,0.28805513411781414
23.9018,1,0.6320017576217651,-2.374809741973877,0.17017579078674316,19.228389739990234,-0.037768151611089706,1.29008150100708,0.3567480742931366,-1.299038175777119,1.492545731778337,0.6876903494575627,-1.6495761257359387,-0.4969495321102852,0.28387256938633443
24.0023,1,0.6081980466842651,-2.402580738067627,0.17017579078674316,19.303768157958984,-0.032274987548589706,1.29008150100708,0.3301977813243866,-1.3097308230901106,1.5102869911592853,0.6594617112512323,-1.663759613765821,-0.4982550633320563,0.28854918781446376
24.1024,1,0.6081980466842651,-2.426384449005127,0.14240479469299316,19.252193450927734,-0.032274987548589706,1.29008150100708,0.3567480742931366,-1.3282961190847569,1.501949716499824,0.6361325264734438,-1.6594090471095106,-0.505701227438786,0.28620899550476686
24.2025,1,0.5843943357467651,-2.374809741973877,0.14240479469299316,19.228389739990234,-0.044176843017339706,1.29008150100708,0.3237890899181366,-1.3000165535351909,1.5254285828630707,0.6780944502340878,-1.6745983085328708,-0.4961065309198726,0.29246391371786984
24.3027,1,0.6081980466842651,-2.426384449005127,0.11860108375549316,19.228389739990234,-0.044176843017339706,1.27726411819458,0.3494238555431366,-1.2955085393556454,1.5165617677162773,0.5930169916992918,-1.6706501047549738,-0.4699431739808358,0.29069195580099316
24.4029,1,0.6081980466842651,-2.402580738067627,0.17017579078674316,19.228389739990234,-0.049670007079839706,1.29008150100708,0.3430151641368866,-1.3376432217220897,1.4936594621121406,0.6696466114893458,-1.6520730842200388,-0.5209169727633626,0.2850009609546579
24.5030,1,0.5566233396530151,-2.374809741973877,0.09479737281799316,19.275997161865234,-0.049670007079839706,1.29649019241333,0.3430151641368866,-1.3382327878034563,1.4946055911776175,0.6624331438526593,-1.6573810493898518,-0.5197758639093718,0.2844845158091853
24.6031,1,0.6320017576217651,-2.402580738067627,0.17017579078674316,19.275997161865234,-0.037768151611089706,1.28367280960083,0.3366064727306366,-1.2951918365901955,1.500609190046966,0.6771222348657322,-1.6578363322530687,-0.4926650416988354,0.28704221426455884
24.7032,1,0.6081980466842651,-2.402580738067627,0.14240479469299316,19.275997161865234,-0.037768151611089706,1.27085542678833,0.3301977813243866,-1.3133322992023346,1.497815852808698,0.6691270699090702,-1.6539439798429187,-0.5030151641875327,0.2860385644683548
24.8043,1,0.6081980466842651,-2.402580738067627,0.17017579078674316,19.275997161865234,-0.032274987548589706,1.29649019241333,0.3494238555431366,-1.2954760788484694,1.492846848176096,0.6775553081228458,-1.6533966456006013,-0.4935834125454242,0.28760945410924543
24.9044,1,0.5566233396530151,-2.426384449005127,0.14240479469299316,19.275997161865234,-0.032274987548589706,1.28367280960083,0.3430151641368866,-1.3077953039943617,1.49696659591467,0.6600223912907948,-1.654466823024583,-0.4970228230955321,0.2868779303195125
25.0045,1,0.6081980466842651,-2.426384449005127,0.17017579078674316,19.275997161865234,-0.044176843017339706,1.29008150100708,0.3494238555431366,-1.3336673464486186,1.4828081918338125,0.6895498558919962,-1.6441704156893295,-0.5225835732856445,0.2826273809407394
25.1046,1,0.6597727537155151,-2.402580738067627,0.11860108375549316,19.228389739990234,-0.044176843017339706,1.28367280960083,0.3366064727306366,-1.2937624917446378,1.5018615412234906,0.6862745999612494,-1.656825755550587,-0.49364510389402505,0.28761251276128386
25.2048,1,0.6081980466842651,-2.426384449005127,0.14240479469299316,19.228389739990234,-0.049670007079839706,1.28367280960083,0.3759741485118866,-1.3349556801632896,1.4837355076337089,0.6893480529687657,-1.6418268756288208,-0.5244946003101063,0.28516396047694526
25.3049,1,0.6320017576217651,-2.402580738067627,0.17017579078674316,19.228389739990234,-0.037768151611089706,1.27726411819458,0.3430151641368866,-1.3342611183248936,1.5062379345174788,0.6141949411903503,-1.6638596969697297,-0.5015674887526314,0.28641981849272297
25.4049,1,0.6081980466842651,-2.374809741973877,0.11860108375549316,19.252193450927734,-0.037768151611089706,1.28367280960083,0.3695654571056366,-1.3370948739077786,1.4961475777759776,0.6692306507556474,-1.6568846856370045,-0.5205707564626525,0.2855059533983948
25.5051,1,0.5843943357467651,-2.402580738067627,0.19397950172424316,19.252193450927734,-0.044176843017339706,1.30289888381958,0.3430151641368866,-1.3232699658007117,1.4935513729405432,0.7046467513658794,-1.6541729707739132,-0.5196377884549059,0.2857940522277935
25.6051,1,0.6320017576217651,-2.426384449005127,0.17017579078674316,19.303768157958984,-0.020373132079839706,1.29008150100708,0.3237890899181366,-1.4290965722820332,1.4875195026903525,0.6981533737182791,-1.6485097451686912,-0.5918199443705773,0.2835790976179971
25.7053,1,0.6081980466842651,-2.402580738067627,0.17017579078674316,19.252193450927734,-0.037768151611089706,1.29649019241333,0.3430151641368866,-1.3073627717701704,1.5096700187296377,0.6734285125435719,-1.6603789327982992,-0.4998808142852225,0.29206240300414726
25.8054,1,0.5566233396530151,-2.374809741973877,0.14240479469299316,19.252193450927734,-0.037768151611089706,1.29649019241333,0.3695654571056366,-1.3279495847815896,1.4975646546523953,0.6683642193560986,-1.6561129767675689,-0.5145041058169679,0.28843461040306595
25.9055,1,0.6081980466842651,-2.374809741973877,0.09479737281799316,19.275997161865234,-0.049670007079839706,1.30289888381958,0.3759741485118866,-1.3051667733229577,1.502824284101014,0.6764931658357168,-1.6580060981085993,-0.4985808080403837,0.2886044679797819
26.0056,1,0.6081980466842651,-2.374809741973877,0.17017579078674316,19.228389739990234,-0.049670007079839706,1.29008150100708,0.3567480742931366,-1.3187814275000904,1.508583358189028,0.680092398176665,-1.6642794266408405,-0.5093769406932281,0.29063139400967575
26.1057,1,0.6081980466842651,-2.402580738067627,0.14240479469299316,19.252193450927734,-0.049670007079839706,1.29008150100708,0.3494238555431366,-1.3081780660777218,1.50512350231123,0.6850774223134771,-1.6618827389384532,-0.5043688956251633,0.29167942476420783
26.2068,1,0.6597727537155151,-2.450188159942627,0.14240479469299316,19.228389739990234,-0.044176843017339706,1.28367280960083,0.3631567656993866,-1.3340002516648302,1.5145747604285404,0.6959424331494215,-1.666751013746654,-0.5226320710854252,0.29121858270929135
26.3069,1,0.6081980466842651,-2.426384449005127,0.17017579078674316,19.252193450927734,-0.049670007079839706,1.29008150100708,0.3430151641368866,-1.3121345023496755,1.4962370605384963,0.7487360452688032,-1.6583320807165314,-0.5240509144287263,0.2875912097258374
26.4071,1,0.6081980466842651,-2.426384449005127,0.14240479469299316,19.303768157958984,-0.037768151611089706,1.29008150100708,0.3430151641368866,-1.3181406909026856,1.4924403444477952,0.6763313436903315,-1.6554942440023945,-0.5087204967489783,0.28498488777926967
26.5074,1,0.6081980466842651,-2.426384449005127,0.19397950172424316,19.303768157958984,-0.032274987548589706,1.27726411819458,0.3366064727306366,-1.302263026865175,1.497146176805479,0.6631650503414716,-1.6561488198859273,-0.4951668154817653,0.2882588950536782
26.6075,1,0.5566233396530151,-2.426384449005127,0.17017579078674316,19.275997161865234,-0.044176843017339706,1.29008150100708,0.3759741485118866,-1.3080299680750103,1.5019508269470578,0.5825538881251351,-1.6630987052463504,-0.4782480106216403,0.28782784475991285
26.7076,1,0.5566233396530151,-2.374809741973877,0.17017579078674316,19.252193450927734,-0.044176843017339706,1.29008150100708,0.3631567656993866,-1.2867586528226624,1.5053229367452678,0.6661853129232538,-1.659962030972294,-0.48554054044851763,0.28876856736588213
26.8077,1,0.5843943357467651,-2.402580738067627,0.11860108375549316,19.275997161865234,-0.032274987548589706,1.29649019241333,0.3567480742931366,-1.3254266979294802,1.5010013353086105,0.6894902239459952,-1.6577332962154943,-0.5177144527723363,0.28722358770273726
26.9080,1,0.6081980466842651,-2.374809741973877,0.14240479469299316,19.252193450927734,-0.037768151611089706,1.29008150100708,0.3567480742931366,-1.3191813423044823,1.4949140588069572,0.6661411542804889,-1.6577836392102,-0.5069557871777818,0.2840392455681223
27.0080,1,0.6081980466842651,-2.374809741973877,0.11860108375549316,19.275997161865234,-0.037768151611089706,1.29008150100708,0.3366064727306366,-1.303721954117091,1.4916233451584209,0.6644808043056654,-1.6554486632401726,-0.4950958798047538,0.28590424290423555
27.1082,1,0.5843943357467651,-2.351006031036377,0.14240479469299316,19.252193450927734,-0.049670007079839706,1.28367280960083,0.3430151641368866,-1.2979983177104655,1.5057406433781966,0.7304247898560753,-1.6608602516782256,-0.5092823777498664,0.28784568077098915
27.2083,1,0.5843943357467651,-2.426384449005127,0.17017579078674316,19.275997161865234,-0.044176843017339706,1.28367280960083,0.3631567656993866,-1.3187651755293808,1.5068947683418763,0.6768421727606675,-1.6642574707812894,-0.5104977907478084,0.2875260228607789
27.3085,1,0.6081980466842651,-2.450188159942627,0.17017579078674316,19.275997161865234,-0.037768151611089706,1.27726411819458,0.3430151641368866,-1.3285550484420585,1.5143568872778153,0.6576298929995358,-1.6702341396740643,-0.5133165380252701,0.2887183983535294
27.4087,1,0.6320017576217651,-2.402580738067627,0.14240479469299316,19.228389739990234,-0.032274987548589706,1.29649019241333,0.3430151641368866,-1.3190616762269853,1.5017705774281627,0.6720042641130679,-1.6611987609231844,-0.5078595111566249,0.28488807192965615
27.5161,1,0.5566233396530151,-2.402580738067627,0.14240479469299316,19.176815032958984,-0.037768151611089706,1.29008150100708,0.3173803985118866,-1.3312808213582215,1.5015073959795158,0.652755697467499,-1.6562577064356072,-0.5123769525342395,0.2878320730790972
27.6163,1,0.6320017576217651,-2.402580738067627,0.19397950172424316,19.252193450927734,-0.037768151611089706,1.29649019241333,0.3237890899181366,-1.327746935747312,1.498395859920798,0.6963862761852102,-1.6573285150786619,-0.5200830715158241,0.2865876624491539
27.7164,1,0.6081980466842651,-2.426384449005127,0.11860108375549316,19.252193450927734,-0.049670007079839706,1.28367280960083,0.3430151641368866,-1.2967049115345712,1.5000124066167928,0.6858490939213933,-1.6573122065188648,-0.4974014636572054,0.28724516019463686
27.8166,1,0.6597727537155151,-2.374809741973877,0.14240479469299316,19.252193450927734,-0.049670007079839706,1.27726411819458,0.3631567656993866,-1.3078667992326114,1.4717136531512607,0.6663070982547771,-1.6402944958881402,-0.5005748827101089,0.2795096593178099
27.9168,1,0.5328196287155151,-2.374809741973877,0.17017579078674316,19.252193450927734,-0.037768151611089706,1.27726411819458,0.3695654571056366,-1.320214557825702,1.4920607238012609,0.6688164298782141,-1.6510610468980995,-0.508661201133103,0.2857398859663567
28.0169,1,0.6320017576217651,-2.426384449005127,0.14240479469299316,19.275997161865234,-0.049670007079839706,1.29008150100708,0.3366064727306366,-1.3235970047905352,1.4944115046678292,0.663299251173931,-1.6569011909960745,-0.5115623597826564,0.28581834221869595
28.1175,1,0.5843943357467651,-2.402580738067627,0.17017579078674316,19.252193450927734,-0.037768151611089706,1.28367280960083,0.3695654571056366,-1.3003303904658763,1.4987554331495334,0.6924536389287145,-1.6552605654257149,-0.5007329962200617,0.29044749802544245
28.2189,1,0.6597727537155151,-2.351006031036377,0.14240479469299316,19.275997161865234,-0.037768151611089706,1.29008150100708,0.3173803985118866,-1.2559542272819717,1.5038840368115998,0.663147135749742,-1.6587585502905622,-0.46271381311007775,0.2901712220925146
28.3193,1,0.6320017576217651,-2.450188159942627,0.14240479469299316,19.228389739990234,-0.044176843017339706,1.27726411819458,0.3567480742931366,-1.2869879224789764,1.4992576345828106,0.6514894846420736,-1.6565100949410474,-0.48133705691722395,0.2873384721202009
28.4195,1,0.6320017576217651,-2.327202320098877,0.14240479469299316,19.252193450927734,-0.044176843017339706,1.28367280960083,0.3430151641368866,-1.290354380048343,1.502410680056438,0.6296771794125702,-1.6615276423439063,-0.4781519237402456,0.2889618894907585
28.5196,1,0.6081980466842651,-2.426384449005127,0.19397950172424316,19.228389739990234,-0.032274987548589706,1.27726411819458,0.3301977813243866,-1.157611463787653,1.4950057138683288,0.6475413577265985,-1.653746825718646,-0.389291465789829,0.28546314409979145
28.6197,1,0.6081980466842651,-2.374809741973877,0.17017579078674316,19.252193450927734,-0.037768151611089706,1.29008150100708,0.3567480742931366,-1.3108337803213692,1.4961188501230318,0.647683543102494,-1.656589509881882,-0.49605335471908085,0.28698504636046024
28.7199,1,0.5843943357467651,-2.402580738067627,0.17017579078674316,19.275997161865234,-0.049670007079839706,1.29649019241333,0.3366064727306366,-1.318318757193922,1.489403822977703,0.6647649046254075,-1.6525436521617902,-0.5062616621826631,0.2852460419876426
28.8200,1,0.6320017576217651,-2.374809741973877,0.21778321266174316,19.303768157958984,-0.044176843017339706,1.29008150100708,0.3631567656993866,-1.3064482525732763,1.5021857547882416,0.665985088644707,-1.6573983190892208,-0.4989800543673813,0.28736553775598567
28.9227,1,0.6320017576217651,-2.351006031036377,0.14240479469299316,19.228389739990234,-0.037768151611089706,1.28367280960083,0.3567480742931366,-1.2571883010899434,1.5079476800171878,0.6771405347794612,-1.660852640649649,-0.46649487430520686,0.2886082196732336
29.0228,1,0.6320017576217651,-2.402580738067627,0.14240479469299316,19.252193450927734,-0.032274987548589706,1.27726411819458,0.3494238555431366,-1.3335338131533663,1.5159893625206746,0.6711316776818812,-1.6699226855021705,-0.5193031857110227,0.29155291566645775
29.1229,1,0.5843943357467651,-2.426384449005127,0.17017579078674316,19.252193450927734,-0.032274987548589706,1.29649019241333,0.3494238555431366,-1.3072211060972996,1.5024801991578045,0.6904943294229415,-1.6597599251449513,-0.5053003736655015,0.28875468784829916
29.2230,1,0.6320017576217651,-2.402580738067627,0.11860108375549316,19.228389739990234,-0.037768151611089706,1.29649019241333,0.3366064727306366,-1.3136209663041334,1.5078377872104154,0.6633960128025879,-1.662403025951795,-0.5019862914005633,0.28901186408055735
29.3231,1,0.5843943357467651,-2.450188159942627,0.14240479469299316,19.275997161865234,-0.037768151611089706,1.29008150100708,0.3301977813243866,-1.3026325511582721,1.500753024301055,0.6624086192758789,-1.6587816376226998,-0.49570728119875657,0.2877252499976348
29.4232,1,0.6320017576217651,-2.426384449005127,0.14240479469299316,19.252193450927734,-0.044176843017339706,1.29008150100708,0.3695654571056366,-1.3220688954477364,1.5420561715325993,0.6177629172941508,-1.687418200411766,-0.4961678848757526,0.3013816647523137
29.5233,1,0.6081980466842651,-2.402580738067627,0.19397950172424316,19.275997161865234,-0.032274987548589706,1.28367280960083,0.3366064727306366,-1.3066785315012175,1.5180522953852122,0.6879064782277022,-1.6673088054976017,-0.5031614532926612,0.2931747775959055
29.6251,1,0.6081980466842651,-2.402580738067627,0.11860108375549316,19.228389739990234,-0.037768151611089706,1.28367280960083,0.3366064727306366,-1.306108380745945,1.5040138520093085,0.6678024648832043,-1.6582011629654754,-0.4974019043389113,0.28890136827011254
29.7253,1,0.5843943357467651,-2.402580738067627,0.14240479469299316,19.275997161865234,-0.037768151611089706,1.29008150100708,0.3366064727306366,-1.31069946760762,1.5162182593575195,0.6602516346116878,-1.669375726515992,-0.49969327443990497,0.29184795844434913
29.8254,1,0.6081980466842651,-2.402580738067627,0.14240479469299316,19.275997161865234,-0.049670007079839706,1.29008150100708,0.3237890899181366,-1.3029705121754531,1.5036691651408896,0.6917975982966944,-1.6581798925372007,-0.503613760612929,0.2898192364635054
29.9255,1,0.6597727537155151,-2.450188159942627,0.14240479469299316,19.275997161865234,-0.049670007079839706,1.29008150100708,0.3631567656993866,-1.337357739180829,1.5058757233819542,0.69399943644903,-1.6614136958425076,-0.5280330790420037,0.28872907414761806
30.0256,1,0.5843943357467651,-2.426384449005127,0.14240479469299316,19.252193450927734,-0.037768151611089706,1.29649019241333,0.3695654571056366,-1.3180769773518028,1.5063081812757795,0.6820975991624868,-1.6611788645783614,-0.5124555090858003,0.28847789187341566
30.1258,1,0.6081980466842651,-2.402580738067627,0.17017579078674316,19.303768157958984,-0.037768151611089706,1.29008150100708,0.3494238555431366,-1.306536574584498,1.5045126142553686,0.6768269179501675,-1.6632651407227244,-0.5004383495956786,0.28906808434142967
30.2259,1,0.5843943357467651,-2.374809741973877,0.11860108375549316,19.275997161865234,-0.037768151611089706,1.29008150100708,0.3631567656993866,-1.347768374781727,1.5237097384348075,0.7091054852455965,-1.6739073093473582,-0.5367606704873485,0.2917991273338351
30.3309,1,0.6081980466842651,-2.351006031036377,0.17017579078674316,19.303768157958984,-0.044176843017339706,1.29008150100708,0.3366064727306366,-1.3236721695009108,1.5011270969846142,0.6248595937048795,-1.659790863448666,-0.49994756200886836,0.2891104641322232
30.4311,1,0.5843943357467651,-2.351006031036377,0.11860108375549316,19.228389739990234,-0.044176843017339706,1.29649019241333,0.3237890899181366,-1.3082635146336556,1.5096848026227336,0.6908582299010709,-1.6666364263230746,-0.5052525490949554,0.2872955000502727
30.5312,1,0.5843943357467651,-2.450188159942627,0.14240479469299316,19.275997161865234,-0.037768151611089706,1.28367280960083,0.3173803985118866,-1.3058582248844899,1.5049583761276812,0.6976254074289331,-1.6649869679845681,-0.505728397689333,0.28654109297492736
30.6313,1,0.6320017576217651,-2.402580738067627,0.19397950172424316,19.252193450927734,-0.049670007079839706,1.29649019241333,0.3430151641368866,-1.3384861754152142,1.4880368416143086,0.6510170451289812,-1.6526114616164986,-0.5175608429732613,0.2846883666932105
30.7315,1,0.5843943357467651,-2.402580738067627,0.17017579078674316,19.327571868896484,-0.025866296142339706,1.29008150100708,0.3631567656993866,-1.3078630020638422,1.4982405956706748,0.6884010002352212,-1.6567309226734732,-0.50467101300387,0.2879017343065008
30.8316,1,0.5566233396530151,-2.426384449005127,0.17017579078674316,19.275997161865234,-0.032274987548589706,1.29008150100708,0.3494238555431366,-1.2878862193312677,1.4876824133146445,0.6856665077986899,-1.6508021803472845,-0.48921192066034064,0.2852051645494502
30.9317,1,0.6081980466842651,-2.402580738067627,0.14240479469299316,19.228389739990234,-0.037768151611089706,1.29008150100708,0.3567480742931366,-1.283712471942793,1.5012679948119274,0.6893168948493409,-1.6597312624879514,-0.48708270053495756,0.287690258595479
31.0318,1,0.6081980466842651,-2.402580738067627,0.14240479469299316,19.228389739990234,-0.037768151611089706,1.28367280960083,0.3897070586681366,-1.3013226889135878,1.4954766398032828,0.7789128810793253,-1.65541332352592,-0.5245488040089509,0.28941491024647514
31.1320,1,0.6081980466842651,-2.450188159942627,0.14240479469299316,19.275997161865234,-0.044176843017339706,1.28367280960083,0.3759741485118866,-1.309910263299273,1.5106515308833852,0.6893772490598661,-1.6669116650090323,-0.5060399272139967,0.28852249237472516
31.2321,1,0.6081980466842651,-2.450188159942627,0.11860108375549316,19.252193450927734,-0.037768151611089706,1.28367280960083,0.3695654571056366,-1.2785858310179554,1.494231081268348,0.6816403196990326,-1.6551174080371955,-0.48300946146176643,0.2856233467568968
31.3322,1,0.5843943357467651,-2.402580738067627,0.17017579078674316,19.252193450927734,-0.037768151611089706,1.29649019241333,0.3567480742931366,-1.294016905743279,1.5086022908877668,0.684769024863822,-1.6664564036796874,-0.49438928183343084,0.287463734857036
31.4323,1,0.6081980466842651,-2.426384449005127,0.11860108375549316,19.200618743896484,-0.037768151611089706,1.29008150100708,0.3631567656993866,-1.322308507076868,1.5069286003808422,0.6525528133377817,-1.661438912422344,-0.5064477333785021,0.2883614777085551
31.5325,1,0.6081980466842651,-2.374809741973877,0.17017579078674316,19.252193450927734,-0.032274987548589706,1.29649019241333,0.3430151641368866,-1.3112136692479561,1.50301616448564,0.6775063127694446,-1.6593682909650205,-0.5035375289682202,0.28647222243777
31.6326,1,0.6081980466842651,-2.351006031036377,0.14240479469299316,19.303768157958984,-0.049670007079839706,1.29008150100708,0.3301977813243866,-1.3200000699477357,1.4907473383134724,0.6698455302522035,-1.652737727196758,-0.5099486497991128,0.2857204067247516
31.7327,1,0.5843943357467651,-2.426384449005127,0.14240479469299316,19.275997161865234,-0.037768151611089706,1.28367280960083,0.3173803985118866,-1.2923641652988742,1.4989778178507072,0.6851475119916449,-1.6579125089071611,-0.49297380711551314,0.2875824116169804
31.8328,1,0.6320017576217651,-2.374809741973877,0.17017579078674316,19.303768157958984,-0.049670007079839706,1.29008150100708,0.3366064727306366,-1.3059982951900444,1.5006051418776583,0.692385191634188,-1.6598101654327986,-0.505026197767214,0.2885374476034269
31.9345,1,0.6081980466842651,-2.402580738067627,0.14240479469299316,19.228389739990234,-0.032274987548589706,1.29008150100708,0.3430151641368866,-1.2895416316255799,1.501659052219515,0.6871096868071596,-1.6576047685578237,-0.4921149081719283,0.28656121219385217
32.0346,1,0.5328196287155151,-2.402580738067627,0.11860108375549316,19.252193450927734,-0.044176843017339706,1.27726411819458,0.3567480742931366,-1.3204662108500436,1.4987111903483803,0.7166805311829653,-1.6570876141784214,-0.5220744139469171,0.2860161940286026
32.1347,1,0.6320017576217651,-2.402580738067627,0.11860108375549316,19.275997161865234,-0.032274987548589706,1.28367280960083,0.3430151641368866,-1.31722775663945,1.490354776292813,0.6923606387158028,-1.6491059615714663,-0.5123745012015889,0.28408389411957996
32.2349,1,0.6320017576217651,-2.402580738067627,0.19397950172424316,19.228389739990234,-0.037768151611089706,1.29008150100708,0.3430151641368866,-1.2943670654378108,1.5030594923729101,0.6743494062355787,-1.657123597783583,-0.49262658525043185,0.2887427567478926
32.3350,1,0.5566233396530151,-2.374809741973877,0.11860108375549316,19.200618743896484,-0.055163171142339706,1.28367280960083,0.3494238555431366,-1.3108736446231055,1.4847892120162725,0.6740623032948938,-1.6467733422292654,-0.5039854260672244,0.2818102325786284
32.4351,1,0.6081980466842651,-2.426384449005127,0.19397950172424316,19.228389739990234,-0.037768151611089706,1.29008150100708,0.3301977813243866,-1.3119306757650828,1.5051878741334042,0.6686249161899108,-1.6592987315494545,-0.5030554637270819,0.28848149518870503
32.5353,1,0.6081980466842651,-2.402580738067627,0.14240479469299316,19.228389739990234,-0.055163171142339706,1.28367280960083,0.3695654571056366,-1.3058775179387077,1.495531478898753,0.6716747827161891,-1.657392869403261,-0.49960922201930813,0.28580599945411356
32.6354,1,0.6081980466842651,-2.402580738067627,0.17017579078674316,19.275997161865234,-0.037768151611089706,1.30289888381958,0.3494238555431366,-1.3237267920538955,1.493120502739601,0.711455203580526,-1.654435858666602,-0.5215198391841653,0.28671354507788394
32.7362,1,0.6320017576217651,-2.473991870880127,0.17017579078674316,19.228389739990234,-0.037768151611089706,1.29008150100708,0.3430151641368866,-1.2019042449851423,1.501790448825846,0.6898313648227079,-1.6580788352724278,-0.4308258249253771,0.2873120635206433
32.8363,1,0.6320017576217651,-2.402580738067627,0.19397950172424316,19.252193450927734,-0.044176843017339706,1.29008150100708,0.3237890899181366,-1.3238296878734508,1.50512252913981,0.6894415047256814,-1.661103852248121,-0.5158556854764614,0.28562542030262783
32.9363,1,0.6081980466842651,-2.374809741973877,0.11860108375549316,19.228389739990234,-0.049670007079839706,1.27726411819458,0.3237890899181366,-1.2940334050555926,1.4965077624092682,0.6772768500237489,-1.6542452144271362,-0.4917446823602847,0.2859135753491928
33.0364,1,0.5843943357467651,-2.450188159942627,0.14240479469299316,19.252193450927734,-0.044176843017339706,1.29008150100708,0.3237890899181366,-1.2876150142798326,1.5055063405439701,0.7010273227161901,-1.6617229712210202,-0.4939006462884074,0.28748374144879785
33.1365,1,0.6320017576217651,-2.374809741973877,0.14240479469299316,19.275997161865234,-0.049670007079839706,1.28367280960083,0.3430151641368866,-1.3029745969663196,1.510860710304184,0.6673523713534849,-1.6673573032964941,-0.4971509543269296,0.28866862682410693
33.2367,1,0.6320017576217651,-2.402580738067627,0.17017579078674316,19.228389739990234,-0.044176843017339706,1.29008150100708,0.3567480742931366,-1.2969057864497586,1.5279373866269432,0.6901595970663036,-1.6751259721240106,-0.4968304817973952,0.2947236471310388
33.3368,1,0.6081980466842651,-2.402580738067627,0.14240479469299316,19.252193450927734,-0.044176843017339706,1.29008150100708,0.3366064727306366,-1.2887773358947274,1.5070451168634094,0.6816325938510888,-1.6614478191954773,-0.4900515782196103,0.28839598453858406
33.4381,1,0.6320017576217651,-2.402580738067627,0.09479737281799316,19.275997161865234,-0.032274987548589706,1.28367280960083,0.3695654571056366,-1.3207830180131603,1.4940180826658946,0.6828972741325909,-1.6529624218203907,-0.5116931423244099,0.2880196570373633
33.5382,1,0.5843943357467651,-2.374809741973877,0.17017579078674316,19.275997161865234,-0.032274987548589706,1.28367280960083,0.3366064727306366,-1.2815134987356305,1.5024695892457713,0.6827468210357736,-1.6558667540289358,-0.48422476799920117,0.2892463033149806
33.6383,1,0.6320017576217651,-2.426384449005127,0.17017579078674316,19.252193450927734,-0.044176843017339706,1.28367280960083,0.3695654571056366,-1.2959138417452756,1.491723143579004,0.706080625812079,-1.650528810364413,-0.5000200313343174,0.28816478775660714
33.7385,1,0.6320017576217651,-2.473991870880127,0.17017579078674316,19.252193450927734,-0.055163171142339706,1.27085542678833,0.3759741485118866,-1.3168612968538833,1.4943369577729497,0.6700825220702035,-1.657370012594932,-0.5065821884490057,0.28857322022322085
33.8386,1,0.6320017576217651,-2.327202320098877,0.14240479469299316,19.252193450927734,-0.044176843017339706,1.29008150100708,0.3494238555431366,-1.3034237393348278,1.499762333201935,0.6999489776901515,-1.6583111936282662,-0.5067080606896226,0.2861357076294761
33.9387,1,0.5566233396530151,-2.402580738067627,0.14240479469299316,19.303768157958984,-0.037768151611089706,1.28367280960083,0.3366064727306366,-1.3269805720565602,1.4988940917036957,0.673053960908328,-1.6552591403825787,-0.5140290177975424,0.287258051015164
34.0389,1,0.6320017576217651,-2.426384449005127,0.14240479469299316,19.252193450927734,-0.037768151611089706,1.28367280960083,0.3759741485118866,-1.313275834077848,1.5127576442234272,0.648470934071538,-1.6659815196924213,-0.4992635237815688,0.2904927692275244
34.1390,1,0.6320017576217651,-2.426384449005127,0.17017579078674316,19.228389739990234,-0.049670007079839706,1.28367280960083,0.3366064727306366,-1.2992261405310108,1.4811180449567267,0.6611551273982608,-1.6469957690605528,-0.49267026894821375,0.283769993122146
34.2392,1,0.6081980466842651,-2.426384449005127,0.14240479469299316,19.275997161865234,-0.044176843017339706,1.27726411819458,0.3301977813243866,-1.3217821483961727,1.5057832163522746,0.6508682622049642,-1.6629613763165196,-0.5056372609846138,0.28881115924492273
34.3393,1,0.6597727537155151,-2.426384449005127,0.11860108375549316,19.228389739990234,-0.049670007079839706,1.29008150100708,0.3631567656993866,-1.3278954154779208,1.5046817127138714,0.6958764179977086,-1.6591266885889107,-0.5218212517951734,0.2866064129088783
34.4395,1,0.6320017576217651,-2.402580738067627,0.17017579078674316,19.252193450927734,-0.037768151611089706,1.28367280960083,0.3430151641368866,-1.305876779891258,1.5065328258715296,0.6837763352757861,-1.6670811801029919,-0.5006701035304266,0.28990333436508225
34.5396,1,0.6081980466842651,-2.402580738067627,0.17017579078674316,19.252193450927734,-0.049670007079839706,1.28367280960083,0.3567480742931366,-1.3244012686534654,1.5048737208752105,0.6495742798814373,-1.663502694580988,-0.5064397207319314,0.2899117672788551
34.6397,1,0.5843943357467651,-2.426384449005127,0.14240479469299316,19.200618743896484,-0.049670007079839706,1.28367280960083,0.3430151641368866,-1.306383572742536,1.4958496955808236,0.687062643095631,-1.6586097341501305,-0.5030481123751918,0.2881577065892815
34.7398,1,0.6081980466842651,-2.426384449005127,0.11860108375549316,19.228389739990234,-0.044176843017339706,1.28367280960083,0.3631567656993866,-1.3228887846871216,1.4953844227928528,0.7003985395841086,-1.6537504293712513,-0.5191665903625193,0.28838953166596043
34.8399,1,0.6081980466842651,-2.450188159942627,0.11860108375549316,19.252193450927734,-0.044176843017339706,1.28367280960083,0.3567480742931366,-1.289312765057056,1.4911284934969737,0.6728330062710257,-1.6523528703659216,-0.48767551490530514,0.28710950246772055
34.9483,1,0.6081980466842651,-2.374809741973877,0.19397950172424316,19.303768157958984,-0.044176843017339706,1.29008150100708,0.3366064727306366,-1.2989745871114124,1.4864612425603645,0.6570578954887284,-1.6490439313228626,-0.49057785625533507,0.28412152794764667
35.0484,1,0.6320017576217651,-2.426384449005127,0.19397950172424316,19.252193450927734,-0.032274987548589706,1.28367280960083,0.3567480742931366,-1.3007346259526098,1.4937145268473067,0.6776417619350669,-1.6542197171715154,-0.4972520194139053,0.28776151160762375
35.1485,1,0.5843943357467651,-2.402580738067627,0.17017579078674316,19.303768157958984,-0.037768151611089706,1.27726411819458,0.3631567656993866,-1.3288964979821292,1.497721981684247,0.6877157853142732,-1.659743160492649,-0.519201777758842,0.28474610420958146
35.2487,1,0.6320017576217651,-2.426384449005127,0.14240479469299316,19.252193450927734,-0.037768151611089706,1.27726411819458,0.3366064727306366,-1.3104482047691193,1.5700432780834366,0.6767738934394651,-1.7048226977437684,-0.5032154173721115,0.30588805636448824
35.3488,1,0.6081980466842651,-2.426384449005127,0.14240479469299316,19.275997161865234,-0.044176843017339706,1.29008150100708,0.3301977813243866,-1.3365582210085216,1.5187313274046266,0.684686334826411,-1.6662681655545317,-0.5230022853417909,0.2951889103445856
35.4490,1,0.6320017576217651,-2.450188159942627,0.11860108375549316,19.303768157958984,-0.037768151611089706,1.29008150100708,0.3494238555431366,-1.303228067450004,1.5484484430952845,0.6912286298529045,-1.6905972574746926,-0.5020461920036793,0.2997874258344229
35.5492,1,0.6597727537155151,-2.402580738067627,0.17017579078674316,19.252193450927734,-0.037768151611089706,1.29008150100708,0.3237890899181366,-1.2991533067692471,1.507791088287271,0.6812684873860674,-1.660668758522754,-0.49628695889028096,0.2882217413294015
35.6493,1,0.6081980466842651,-2.450188159942627,0.17017579078674316,19.303768157958984,-0.037768151611089706,1.28367280960083,0.3567480742931366,-1.3360415294500507,1.5096508901607297,0.6746883217801278,-1.6602831072338942,-0.5210622158742702,0.2914899609974353
35.7494,1,0.6081980466842651,-2.402580738067627,0.17017579078674316,19.252193450927734,-0.037768151611089706,1.28367280960083,0.3173803985118866,-1.3244099090790697,1.5080907090059041,0.6645622291109563,-1.6597086322192047,-0.5108981191817034,0.2903544624253831
35.8495,1,0.6081980466842651,-2.426384449005127,0.17017579078674316,19.252193450927734,-0.032274987548589706,1.28367280960083,0.3173803985118866,-1.3355692737039342,1.506972636242096,0.6766839890014238,-1.6585819745250387,-0.5215147631393658,0.29169632884630037
35.9497,1,0.6081980466842651,-2.426384449005127,0.14240479469299316,19.275997161865234,-0.037768151611089706,1.28367280960083,0.3695654571056366,-1.3044418437825505,1.489698273357524,0.5890094595247252,-1.648242918018205,-0.4757338459596104,0.28766721000797096
36.0593,1,0.6597727537155151,-2.374809741973877,0.11860108375549316,19.303768157958984,-0.044176843017339706,1.28367280960083,0.3695654571056366,-1.3157245486812092,1.5036819344368961,0.6410310495574865,-1.6574136368538783,-0.4974227121378543,0.29006981144922583
36.1594,1,0.6081980466842651,-2.402580738067627,0.14240479469299316,19.252193450927734,-0.049670007079839706,1.27726411819458,0.3695654571056366,-1.3116472256908223,1.5023643410639829,0.6628730501933203,-1.6606539737493566,-0.49955196453737843,0.28860056717777005
36.2595,1,0.6081980466842651,-2.426384449005127,0.14240479469299316,19.252193450927734,-0.032274987548589706,1.29008150100708,0.3430151641368866,-1.185353190070657,1.503457598370903,0.636498185312839,-1.6605805521289605,-0.405551794741536,0.2890372429026271
36.3598,1,0.5843943357467651,-2.374809741973877,0.17017579078674316,19.303768157958984,-0.037768151611089706,1.28367280960083,0.3301977813243866,-1.3279042603193247,1.500799723898256,0.6849383221139997,-1.654112652966164,-0.517453762400095,0.2901837181105038
36.4598,1,0.6320017576217651,-2.402580738067627,0.17017579078674316,19.252193450927734,-0.055163171142339706,1.28367280960083,0.3366064727306366,-1.321541511904068,1.492236864727801,0.6777528885017102,-1.655163636282927,-0.5112979494661218,0.28557980043543585
36.5599,1,0.6081980466842651,-2.402580738067627,0.17017579078674316,19.252193450927734,-0.044176843017339706,1.29008150100708,0.3567480742931366,-1.3329334646458897,1.4775960681665987,0.7541411504622387,-1.6443697210025594,-0.5388552802955645,0.2836379991706741
36.6601,1,0.6081980466842651,-2.374809741973877,0.17017579078674316,19.252193450927734,-0.032274987548589706,1.29649019241333,0.3759741485118866,-1.3354145288115464,1.5163463335401872,0.664035610516806,-1.6662004596283104,-0.5177578997564909,0.29377043072270426
36.7647,1,0.6081980466842651,-2.374809741973877,0.11860108375549316,19.228389739990234,-0.049670007079839706,1.28367280960083,0.3567480742931366,-1.2983211034369782,1.5008009746924396,0.6668226155475996,-1.6567698108989197,-0.494160745540414,0.2875850383899331
36.8648,1,0.5843943357467651,-2.426384449005127,0.17017579078674316,19.252193450927734,-0.044176843017339706,1.28367280960083,0.3366064727306366,-1.2896526432808244,1.495674501129336,0.6643459793748028,-1.65465392499109,-0.48586427768440843,0.28681427352339023
36.9649,1,0.6081980466842651,-2.426384449005127,0.17017579078674316,19.303768157958984,-0.049670007079839706,1.28367280960083,0.3366064727306366,-1.3110677294835666,1.4887267816007095,0.6687236666925673,-1.6506800229810148,-0.5018608763044772,0.2846362129249258
37.0650,1,0.6320017576217651,-2.426384449005127,0.14240479469299316,19.275997161865234,-0.044176843017339706,1.29649019241333,0.3430151641368866,-1.3175544567212312,1.4907013313132809,0.6722601632796655,-1.6473460084639304,-0.5067283659746424,0.28477536470211723
37.1651,1,0.6081980466842651,-2.402580738067627,0.17017579078674316,19.228389739990234,-0.055163171142339706,1.27726411819458,0.3366064727306366,-1.3134679170833834,1.499764238509292,0.6734141814584741,-1.6589543734356114,-0.5040483509656738,0.28849545968685353
37.2652,1,0.5843943357467651,-2.402580738067627,0.14240479469299316,19.303768157958984,-0.055163171142339706,1.29649019241333,0.3567480742931366,-1.302196801004233,1.4953856988546017,0.7021006635943209,-1.656207110265419,-0.5019640600263128,0.28616554581975995
37.3654,1,0.6081980466842651,-2.374809741973877,0.19397950172424316,19.252193450927734,-0.037768151611089706,1.28367280960083,0.3301977813243866,-1.3159985260324174,1.493760927786192,0.6937219261226915,-1.6522372858343375,-0.5104739595251615,0.2862465399611386
37.4676,1,0.6081980466842651,-2.426384449005127,0.14240479469299316,19.275997161865234,-0.044176843017339706,1.28367280960083,0.3301977813243866,-1.3175185818462158,1.4972309647128603,0.6688253904788786,-1.6551001196322532,-0.5068504324897424,0.2892117664582169
37.5678,1,0.6320017576217651,-2.426384449005127,0.17017579078674316,19.303768157958984,-0.049670007079839706,1.29008150100708,0.3961157500743866,-1.3213687116234574,1.5114412197375338,0.6680558929020955,-1.6608375249769065,-0.5093229249771617,0.2910078704338207
37.6679,1,0.6081980466842651,-2.374809741973877,0.11860108375549316,19.252193450927734,-0.037768151611089706,1.29008150100708,0.3237890899181366,-1.3086471784419234,1.4828508268260134,0.6153173667206404,-1.643490395106364,-0.4851925439211115,0.28515848517095466
37.7681,1,0.6081980466842651,-2.450188159942627,0.11860108375549316,19.275997161865234,-0.037768151611089706,1.29008150100708,0.3494238555431366,-1.3165573923311653,1.492259971916879,0.6710525812299187,-1.6518524487841706,-0.5066629230468229,0.2877765521000476
37.8681,1,0.6081980466842651,-2.402580738067627,0.14240479469299316,19.303768157958984,-0.049670007079839706,1.28367280960083,0.3430151641368866,-1.3109918703748573,1.497426164182132,0.6715665974838737,-1.6528827583391905,-0.5015608902879811,0.2869149622912115
37.9683,1,0.6320017576217651,-2.374809741973877,0.14240479469299316,19.228389739990234,-0.049670007079839706,1.28367280960083,0.3567480742931366,-1.3039785484653124,1.5782345259455859,0.6744818523554487,-1.7117165223220614,-0.4981646553313865,0.3124290083916462
38.0689,1,0.6320017576217651,-2.402580738067627,0.11860108375549316,19.228389739990234,-0.044176843017339706,1.29649019241333,0.3366064727306366,-1.319483912314727,1.531208785993122,0.6510117069207595,-1.6807120832248996,-0.5025792983110525,0.2969003094983544
38.1691,1,0.5843943357467651,-2.374809741973877,0.09479737281799316,19.252193450927734,-0.044176843017339706,1.27726411819458,0.3366064727306366,-1.2891158474454345,1.5022031278077503,0.6781394463160754,-1.6576518733010397,-0.4900111986330418,0.29008633484959234
38.2692,1,0.5843943357467651,-2.374809741973877,0.14240479469299316,19.252193450927734,-0.025866296142339706,1.28367280960083,0.3430151641368866,-1.2427968083639334,1.496220235018918,0.5892762418106976,-1.6522786008372825,-0.4325555505531444,0.2892711443833551
38.3694,1,0.6320017576217651,-2.450188159942627,0.14240479469299316,19.228389739990234,-0.044176843017339706,1.27726411819458,0.3494238555431366,-1.3107545051136065,1.5105238840356066,0.6564441595194113,-1.6665157842618414,-0.49894621549196616,0.2916682718745727
38.4695,1,0.5843943357467651,-2.402580738067627,0.14240479469299316,19.252193450927734,-0.055163171142339706,1.28367280960083,0.3430151641368866,-1.307382172027945,1.4896760044275872,0.6673464811385708,-1.6510174073907793,-0.49864327133671615,0.2858461664188653
38.5696,1,0.5566233396530151,-2.351006031036377,0.11860108375549316,19.275997161865234,-0.025866296142339706,1.28367280960083,0.3494238555431366,-1.2871445447496892,1.4914161538955222,0.6683943289527073,-1.649621564688526,-0.48560859971427345,0.2871310241555612
38.6698,1,0.6081980466842651,-2.426384449005127,0.17017579078674316,19.252193450927734,-0.049670007079839706,1.29008150100708,0.3301977813243866,-1.3259860634805667,1.424623421866681,0.6756768762027479,-1.6033401464215487,-0.5139620293315105,0.26843919663270893
38.7704,1,0.6597727537155151,-2.374809741973877,0.19397950172424316,19.228389739990234,-0.032274987548589706,1.29008150100708,0.3301977813243866,-1.3413409815410193,1.495827086258969,0.6518648988385345,-1.6540081155897794,-0.5183784725706461,0.29003727326882156
38.8706,1,0.6081980466842651,-2.426384449005127,0.17017579078674316,19.275997161865234,-0.037768151611089706,1.28367280960083,0.3430151641368866,-1.3417594294246322,1.4996656206284706,0.6853457154571505,-1.6558745374690382,-0.5280895922868124,0.288403738986745
38.9707,1,0.6081980466842651,-2.402580738067627,0.11860108375549316,19.275997161865234,-0.049670007079839706,1.27726411819458,0.3567480742931366,-1.3068907705908892,1.477049892562023,0.6958654447794482,-1.6441232273932291,-0.5056111050273591,0.2805915352731259
39.0708,1,0.6320017576217651,-2.402580738067627,0.17017579078674316,19.252193450927734,-0.044176843017339706,1.28367280960083,0.3430151641368866,-1.3422128069928236,1.4871065722301273,0.6553697371038473,-1.6537021728044121,-0.520522759985755,0.2858896482313841
39.1709,1,0.6081980466842651,-2.402580738067627,0.09479737281799316,19.228389739990234,-0.044176843017339706,1.29008150100708,0.3430151641368866,-1.2977039272495674,1.5061766327360089,0.6747956263010721,-1.6612477269733663,-0.49348926117647696,0.29135125345021706
39.2710,1,0.6320017576217651,-2.402580738067627,0.11860108375549316,19.252193450927734,-0.037768151611089706,1.28367280960083,0.3494238555431366,-1.3386699256803811,1.4937794373424917,0.6826220225618463,-1.6504832767625512,-0.5242831234354162,0.2866439268686109
39.3712,1,0.6081980466842651,-2.426384449005127,0.17017579078674316,19.303768157958984,-0.049670007079839706,1.28367280960083,0.3494238555431366,-1.2999048822996153,1.4954129668675278,0.6739167341823535,-1.6579937643170206,-0.49518927605977703,0.2843545589577733
39.4737,1,0.6081980466842651,-2.426384449005127,0.11860108375549316,19.252193450927734,-0.044176843017339706,1.27726411819458,0.3237890899181366,-1.3176337909941915,1.4940059578426008,0.6674763348887421,-1.6547691561711853,-0.5059604551682907,0.2835154966631428
39.5739,1,0.6081980466842651,-2.402580738067627,0.14240479469299316,19.228389739990234,-0.044176843017339706,1.29649019241333,0.3567480742931366,-1.3086241699197536,1.4933693244238255,0.6666678185527604,-1.654622056378637,-0.49954769586847936,0.28744091549006867
39.6740,1,0.6081980466842651,-2.402580738067627,0.14240479469299316,19.228389739990234,-0.037768151611089706,1.27726411819458,0.3366064727306366,-1.3104211758065218,1.483175005672766,0.6630754438134419,-1.6480077341259294,-0.500271501414385,0.28303230084814407
39.7740,1,0.6320017576217651,-2.374809741973877,0.17017579078674316,19.303768157958984,-0.055163171142339706,1.28367280960083,0.3494238555431366,-1.3505836786152272,1.4951910351727675,0.6867372078678508,-1.6506075695750289,-0.5335968329892603,0.2881813531240882
39.8741,1,0.6081980466842651,-2.426384449005127,0.09479737281799316,19.200618743896484,-0.044176843017339706,1.29008150100708,0.3430151641368866,-1.3100631655120505,1.5035400326951174,0.6733734143324199,-1.658633700569171,-0.5018456095328984,0.2904401796967103
39.9742,1,0.5566233396530151,-2.374809741973877,0.14240479469299316,19.228389739990234,-0.055163171142339706,1.29008150100708,0.3366064727306366,-1.2943820164726205,1.507804972715753,0.6653130349662951,-1.665065235240531,-0.48837872266450105,0.29091771539167316
40.0743,1,0.6320017576217651,-2.299431324005127,0.17017579078674316,19.228389739990234,-0.037768151611089706,1.29649019241333,0.3430151641368866,-1.3220898006628636,1.5014781295565518,0.7050136501768104,-1.657160301800409,-0.516835474014501,0.2886193424623909
40.1812,1,0.5843943357467651,-2.450188159942627,0.14240479469299316,19.275997161865234,-0.032274987548589706,1.29649019241333,0.3237890899181366,-1.2947809720251857,1.567086680586129,0.6786467325776605,-1.7018804842277206,-0.49184672396993245,0.30846044249726146
40.2813,1,0.6081980466842651,-2.473991870880127,0.09479737281799316,19.252193450927734,-0.044176843017339706,1.29649019241333,0.3366064727306366,-1.4891163876219775,1.4847913959884438,0.6930818582573941,-1.6501055213822398,-0.6329115614824372,0.2861150749454589
40.3814,1,0.6081980466842651,-2.426384449005127,0.19397950172424316,19.252193450927734,-0.044176843017339706,1.29008150100708,0.3430151641368866,-1.33543982800398,1.4993187044141159,0.659034179100815,-1.6554482739395742,-0.5163600277789688,0.2873733767246235
40.4815,1,0.6320017576217651,-2.402580738067627,0.14240479469299316,19.228389739990234,-0.044176843017339706,1.29008150100708,0.3366064727306366,-1.3100640571674753,1.5018160804153238,0.6535030479305377,-1.6623566867045423,-0.4963291677003306,0.2883010519327761
40.5816,1,0.6320017576217651,-2.402580738067627,0.14240479469299316,19.228389739990234,-0.037768151611089706,1.28367280960083,0.3366064727306366,-1.3218313138556999,1.4923201421533088,0.6666431572954651,-1.6534383563494655,-0.5086501094290748,0.2870327174756957
40.6817,1,0.5843943357467651,-2.402580738067627,0.14240479469299316,19.228389739990234,-0.044176843017339706,1.27726411819458,0.3430151641368866,-1.3269776597872147,1.502313789104173,0.6848092676289911,-1.6588454375015194,-0.5170252264288357,0.29109077911442416
40.7824,1,0.5843943357467651,-2.374809741973877,0.11860108375549316,19.252193450927734,-0.032274987548589706,1.29008150100708,0.3366064727306366,-1.3324333468425213,1.5018797086601328,0.658726499662054,-1.6557104023563847,-0.5142345696516328,0.28842440113070256
40.8825,1,0.5843943357467651,-2.426384449005127,0.14240479469299316,19.252193450927734,-0.044176843017339706,1.29008150100708,0.3430151641368866,-1.3791519524708988,1.4915148854250206,0.6726078369575642,-1.6501582638698449,-0.550369643511857,0.28850365715340665
40.9826,1,0.5843943357467651,-2.402580738067627,0.14240479469299316,19.252193450927734,-0.044176843017339706,1.28367280960083,0.3695654571056366,-1.3127114220984941,1.446434734855106,0.6480384429800287,-1.6210795778489782,-0.49756240079747976,0.2733398748114112
41.0827,1,0.6081980466842651,-2.374809741973877,0.17017579078674316,19.275997161865234,-0.032274987548589706,1.28367280960083,0.3430151641368866,-1.2882366452160807,1.5097116780808821,0.6583990360177949,-1.6643305397235184,-0.48419079614727467,0.290416232807863
41.1829,1,0.6320017576217651,-2.402580738067627,0.14240479469299316,19.252193450927734,-0.037768151611089706,1.29008150100708,0.3430151641368866,-1.480348905185529,1.4920924291398974,0.7416203438954939,-1.6531969005815632,-0.6391730943917638,0.28750995530336554
41.2830,1,0.5566233396530151,-2.374809741973877,0.14240479469299316,19.252193450927734,-0.032274987548589706,1.29008150100708,0.3567480742931366,-1.2918206201058435,1.5017982667297851,0.6571212559751825,-1.6579364792140305,-0.4843973755171004,0.2880070732877464
41.3832,1,0.6597727537155151,-2.402580738067627,0.09479737281799316,19.275997161865234,-0.044176843017339706,1.29008150100708,0.3301977813243866,-1.3194378388422663,1.5011971871661887,0.6645087350723318,-1.658212924326011,-0.5061768319836213,0.28791340481651395
41.4850,1,0.6081980466842651,-2.473991870880127,0.17017579078674316,19.252193450927734,-0.037768151611089706,1.28367280960083,0.3430151641368866,-1.3169173072485059,1.494051041558262,0.7254046076652665,-1.6510824882991086,-0.5204533655315009,0.2888182502441809
41.5852,1,0.6081980466842651,-2.402580738067627,0.17017579078674316,19.228389739990234,-0.037768151611089706,1.27085542678833,0.3567480742931366,-1.3438531514523073,1.5053593345600966,0.6450426947911434,-1.6584459553973319,-0.5188841005766328,0.2898138772093024
41.6853,1,0.5843943357467651,-2.426384449005127,0.17017579078674316,19.252193450927734,-0.044176843017339706,1.27726411819458,0.3494238555431366,-1.304911925312316,1.4903582238888422,0.681865410303846,-1.649773609768215,-0.5022329499170791,0.2851978117793844
41.7854,1,0.6320017576217651,-2.426384449005127,0.17017579078674316,19.275997161865234,-0.044176843017339706,1.29008150100708,0.3430151641368866,-1.320718404925191,1.4937308404800465,0.6632605759875372,-1.6490663714647644,-0.5080251963745461,0.2882119503410581
41.8855,1,0.6081980466842651,-2.402580738067627,0.09479737281799316,19.252193450927734,-0.037768151611089706,1.28367280960083,0.3695654571056366,-1.3133716735510264,1.501132391721921,0.6595459867519954,-1.6563743519102916,-0.5013841357754509,0.2894434837701473
41.9857,1,0.6081980466842651,-2.402580738067627,0.14240479469299316,19.252193450927734,-0.037768151611089706,1.28367280960083,0.3430151641368866,-1.2837174848861461,1.4816472084242107,0.6739165140229285,-1.6408301361802,-0.4841708601695874,0.2846950614752406
42.0858,1,0.6081980466842651,-2.402580738067627,0.14240479469299316,19.252193450927734,-0.037768151611089706,1.29008150100708,0.3631567656993866,-1.3138621757387388,1.4934378837350017,0.6768897854668785,-1.6517134828440545,-0.5060130836354302,0.2873960870592086
42.1861,1,0.5843943357467651,-2.351006031036377,0.11860108375549316,19.252193450927734,-0.049670007079839706,1.28367280960083,0.3567480742931366,-1.316271213079431,1.4843196093765278,0.651427440425349,-1.6506524208293618,-0.5013948542705,0.2849463701952125
42.2862,1,0.6081980466842651,-2.402580738067627,0.14240479469299316,19.275997161865234,-0.044176843017339706,1.29649019241333,0.3567480742931366,-1.3203317509872965,1.4957522240397823,0.6418044916999242,-1.657653272312697,-0.50045650481424,0.2891858666878978
42.3863,1,0.6081980466842651,-2.426384449005127,0.17017579078674316,19.275997161865234,-0.037768151611089706,1.28367280960083,0.3237890899181366,-1.2715520367543136,1.4975461135380042,0.6567238295182037,-1.6562850193399423,-0.47075710124558845,0.28769708957499046
42.4865,1,0.5328196287155151,-2.426384449005127,0.14240479469299316,19.228389739990234,-0.049670007079839706,1.28367280960083,0.3301977813243866,-1.3051763714759181,1.4882627569986058,0.7067377515390809,-1.652254504676953,-0.5088222356969153,0.286866592940734
42.5866,1,0.6081980466842651,-2.450188159942627,0.17017579078674316,19.275997161865234,-0.037768151611089706,1.29649019241333,0.3430151641368866,-1.3164336494680393,1.483034267192947,0.6540047563270236,-1.64596494192924,-0.5019869903758527,0.28309094559314796
42.6867,1,0.5843943357467651,-2.402580738067627,0.14240479469299316,19.275997161865234,-0.037768151611089706,1.29008150100708,0.3695654571056366,-1.3038327715405609,1.5804239521305972,0.7097389172264892,-1.7136291270743267,-0.5075974697425528,0.3093603078557081
42.7869,1,0.6320017576217651,-2.426384449005127,0.17017579078674316,19.200618743896484,-0.044176843017339706,1.29649019241333,0.3430151641368866,-1.3086044998701465,1.4999702746768742,0.687250636515491,-1.6555737713469705,-0.5055253453956055,0.28889925041690406
42.8870,1,0.6081980466842651,-2.402580738067627,0.17017579078674316,19.275997161865234,-0.032274987548589706,1.28367280960083,0.3173803985118866,-1.3392661654284332,1.5797085739694148,0.6517809528104881,-1.7116352948418712,-0.5197573879507635,0.3113382828792537
42.9871,1,0.6081980466842651,-2.374809741973877,0.11860108375549316,19.252193450927734,-0.049670007079839706,1.28367280960083,0.3237890899181366,-1.3203795382194576,1.5068121857192072,0.6643077714033039,-1.6656040572200688,-0.5075893314172876,0.29069680038009793
43.0872,1,0.6081980466842651,-2.374809741973877,0.17017579078674316,19.200618743896484,-0.044176843017339706,1.28367280960083,0.3567480742931366,-1.317602896515927,1.494032563425605,0.6766259001729972,-1.654425955787028,-0.5081045382389195,0.28741454589350407
43.1874,1,0.6081980466842651,-2.473991870880127,0.14240479469299316,19.252193450927734,-0.044176843017339706,1.29008150100708,0.3695654571056366,-1.3399719328468598,1.498291934553443,0.6704684208309765,-1.655441756789516,-0.5224025799146904,0.2870805536636991
43.2875,1,0.6081980466842651,-2.426384449005127,0.14240479469299316,19.252193450927734,-0.037768151611089706,1.29008150100708,0.3567480742931366,-1.3149030830516972,1.4920785253667217,0.670401570491664,-1.6547205736243633,-0.5054663943577883,0.28690507178347535
